x1,x2,x3,x4,x5,trajectory,computed_value
1.7827800764568322,-1.5084164701287923,0.3315886852439645,2.917912764498523,1.8031404042130863,1,1.00000000362976
1.7827800764568322,-1.5084164701287923,0.3315886852439645,2.917912764498523,1.8031404042130863,1,1.00000000362976
-1.0941793880076351,-1.0774936220900142,-0.0078793134459752,2.917912764498523,1.8031404042130863,1,1.0000000025300688
4.044437307488247,-1.954937037346728,2.589909897094592,2.917912764498523,1.8031404042130863,1,1.0000000715397492
-3.515459889306019,-2.1048703292162405,1.904657212201183,2.917912764498523,1.8031404042130863,1,0.9999999870423709
4.84738851334048,0.6323746261213223,3.8133362054272255,2.917912764498523,1.8031404042130863,1,1.000000000239143
-4.897668588862052,-0.2351426339343634,3.89729727752386,2.917912764498523,1.8031404042130863,1,1.0000000074103186
3.247848914427673,2.0969646113601024,1.5945150947438045,2.917912764498523,1.8031404042130863,1,1.0000000021186537
