x1,x2,x3,x4,x5,trajectory,computed_value
1.545020030827828,-1.1395283606012216,2.5059258921441807,0.4515675094197605,0.84371060352143,1,0.9999999951864273
1.18239706986501,-1.9338732633946527,1.4108249938148365,0.4515675094197605,0.84371060352143,1,1.000000010217644
0.5261454983048215,-1.899131948105336,0.1693346829163896,0.4515675094197605,0.84371060352143,1,1.0000000866588787
-0.6092454416907671,-1.933052711523897,0.2738051063146683,0.4515675094197605,0.84371060352143,1,0.9999999966382458
-1.2285788935978912,-1.893365472498972,1.5341105807638529,0.4515675094197605,0.84371060352143,1,0.9999999846371943
-1.5662445357660948,-1.0247456436111742,2.57904375402152,0.4515675094197605,0.84371060352143,1,1.0000000008520458
-1.6366624575142814,0.3478500911689655,2.8287760623932923,0.4515675094197605,0.84371060352143,1,0.9999999761770146
-1.4331486827069284,1.5455854882797575,2.137020405503429,0.4515675094197605,0.84371060352143,1,0.9999999981982763
