x1,x2,x3,x4,x5,trajectory,computed_value
1.9417777326623429,1.07829541911076,3.220310365057088,0.4182485155852582,1.3099662862970023,1,1.0000000080929823
1.91380580924969,-1.2801142946708906,3.0913820195553616,0.4182485155852582,1.3099662862970023,1,1.0000000049859605
1.369080888544422,-2.164513619642289,0.9535737732989028,0.4182485155852582,1.3099662862970023,1,0.9999998824559109
0.6545096194288029,-0.6817524997770672,-0.7750633832358871,0.4182485155852582,1.3099662862970023,1,0.9999999696425668
0.9461625406175944,1.574989085188873,-0.2169733070825841,0.4182485155852582,1.3099662862970023,1,1.000000011143296
1.1928225972086806,2.0022339754569884,0.4137550184561442,0.4182485155852582,1.3099662862970023,1,0.9999999927215605
0.6602198290104137,-0.7086132493723714,-0.7660884074635271,0.4182485155852582,1.3099662862970023,1,0.9999999927916481
1.6014127847863668,-2.1430139881325063,1.778609973382024,0.4182485155852582,1.3099662862970023,1,1.0000000000614202
