x1,x2,x3,x4,x5,trajectory,computed_value
1.1361275692087065,1.0365668333612184,0.9558656620726508,0.6103830443802734,0.8937672675769993,2,0.3268534406496358
1.5668164667911388,0.2160430680089812,1.9094701405047128,0.6103830443802734,0.8937672675769993,2,0.3268534447235523
1.3239894738617084,-0.940279849414163,1.3344495161223229,0.6103830443802734,0.8937672675769993,2,0.32685345839817054
0.5981090629663721,-0.7649950423357231,0.191549502154567,0.6103830443802734,0.8937672675769993,2,0.3268534415583552
-0.446152712839627,-0.621099634814249,0.0615638238598179,0.6103830443802734,0.8937672675769993,2,0.3268534328448571
-1.2223119298636989,-1.0129505584366192,1.1223683233557415,0.6103830443802734,0.8937672675769993,2,0.32685346217083044
-1.5754895789948735,-0.0287239243578316,1.931795241575536,0.6103830443802734,0.8937672675769993,2,0.32685348418958865
-1.247145536484456,1.000288699351517,1.1726035887541786,0.6103830443802734,0.8937672675769993,2,0.32685345721392334
