x1,x2,x3,x4,x5,trajectory,computed_value
0.6546077905661822,-0.5779717615531772,-0.3866823863512159,1.053448199122548,0.2587255456049718,2,0.14312293230406098
0.6546077905661822,-0.5779717615531772,-0.3866823863512159,1.053448199122548,0.2587255456049718,2,0.14312293230406098
-1.718736940794067,-0.6666830029202193,0.8120217957108037,1.053448199122548,0.2587255456049718,2,0.1431229435494406
1.6995477355208222,0.6913381508113787,0.7808887015330144,1.053448199122548,0.2587255456049718,2,0.1431228939856503
-0.6222512431444817,0.5552974157678291,-0.4062915354481273,1.053448199122548,0.2587255456049718,2,0.14312294608138137
-0.6868062354680136,0.6000776888853766,-0.3661822049860949,1.053448199122548,0.2587255456049718,2,0.14312294324152303
1.7371695293652951,0.6403863654254356,0.8422565347912692,1.053448199122548,0.2587255456049718,2,0.1431229508535632
-1.6796359180611082,-0.7143389971156112,0.7489528674526352,1.053448199122548,0.2587255456049718,2,0.14312296274252168
