x1,x2,x3,x4,x5,trajectory,computed_value
1.3290677742283998,-1.1503367822907204,0.1151728176975333,2.9941980192683544,1.4847690257059036,3,0.24231689219445351
-0.9583188155895054,-0.9567180699599708,-0.0264420895206518,2.9941980192683544,1.4847690257059036,3,0.24231699339288404
-2.9125765570823083,-1.7713199003742557,1.2367888443941293,2.9941980192683544,1.4847690257059036,3,0.2423169262166106
-4.350779009015503,-0.9796875619572842,2.981191874850373,2.9941980192683544,1.4847690257059036,3,0.2423169152609005
-4.199323495827054,1.2490850348050675,2.7649469613368365,2.9941980192683544,1.4847690257059036,3,0.24231687686050918
3.754215079388632,-1.650558418988918,2.173772434974628,2.9941980192683544,1.4847690257059036,3,0.24231687678767544
4.355593769418214,0.9689109308051184,2.988191928039053,2.9941980192683544,1.4847690257059036,3,0.24231690202879885
2.307828725267755,1.6118866014800726,0.7095978618696335,2.9941980192683544,1.4847690257059036,3,0.24231691683644152
