x1,x2,x3,x4,x5,trajectory,computed_value
1.6935759392213607,-0.57295963048781,1.4435528293004798,0.9505374304147256,1.3914429116293383,4,0.2185485708500184
1.3757476282264578,0.3441646670976853,0.9304126462183756,0.9505374304147256,1.3914429116293383,4,0.21854849218697142
1.9568167126095808,0.1417927656359933,1.9490207212515591,0.9505374304147256,1.3914429116293383,4,0.2185486056041585
1.5037395604028718,-0.5095299187157533,1.1242772789696442,0.9505374304147256,1.3914429116293383,4,0.2185485393170326
1.5500369851776132,0.5420589780468155,1.198646799492801,0.9505374304147256,1.3914429116293383,4,0.2185485262005024
1.9422727301284504,-0.2290851321930185,1.9191911588202868,0.9505374304147256,1.3914429116293383,4,0.21854861911818385
1.3429890007704963,-0.2702921939622235,0.8835644682004012,0.9505374304147256,1.3914429116293383,4,0.2185485441155638
1.7383987119804318,0.5597338104372992,1.524470633694915,0.9505374304147256,1.3914429116293383,4,0.21854856898147584
