x1,x2,x3,x4,x5,trajectory,computed_value
1.2618020175094586,1.9089685916013075,0.1899629348807526,1.3566426220701393,0.113393177121417,4,0.1365170732641996
2.477993502634308,0.7598921202224381,1.866273062054476,1.3566426220701393,0.113393177121417,4,0.13651705960613447
2.1779716503473163,-1.455082880404428,1.3514391345860353,1.3566426220701393,0.113393177121417,4,0.13651707036056449
0.4916211939959667,-1.8635066910631488,-0.3077559229092002,1.3566426220701393,0.113393177121417,4,0.13651708565204534
-1.6472018192117417,-1.8466589946914875,0.6031628633827127,1.3566426220701393,0.113393177121417,4,0.1365171444886235
-1.5894692818484375,1.863562834025431,0.5342939492008947,1.3566426220701393,0.113393177121417,4,0.13651712613102862
-2.525034376613239,-0.51558406516584,1.9530116364189856,1.3566426220701393,0.113393177121417,4,0.1365171271111687
-0.8103553792359022,-1.8915839270256176,-0.1548106093925056,1.3566426220701393,0.113393177121417,4,0.13651709777627774
