x1,x2,x3,x4,x5,trajectory,computed_value
-1.3335510003979003,-0.5393204063701234,0.1112011485981823,3.154812590795018,0.8551203111059243,5,0.4469249456634262
-3.249569524288494,-0.6516236292848432,1.502938948825889,3.154812590795018,0.8551203111059243,5,0.4469250748722179
-2.597933192541095,0.9177986391877944,0.8990290417254508,3.154812590795018,0.8551203111059243,5,0.44692504640557373
-0.8610389490666474,-0.1390470374901789,-0.0531462350480574,3.154812590795018,0.8551203111059243,5,0.4469249468607289
-2.819252001569188,-0.888572902004832,1.0890442226840882,3.154812590795018,0.8551203111059243,5,0.4469250806915802
-2.739170737710038,0.9042069358136552,1.0184972118707685,3.154812590795018,0.8551203111059243,5,0.44692505018219275
-2.537700339918024,-0.9188341328066132,0.8500033355792224,3.154812590795018,0.8551203111059243,5,0.446925012085435
-1.5489875552148624,0.6539229581353538,0.2096228422596436,3.154812590795018,0.8551203111059243,5,0.4469250266419732
