x1,x2,x3,x4,x5,trajectory,computed_value
-1.3335510003979003,-0.5393204063701234,0.1112011485981823,3.154812590795018,0.8551203111059243,5,0.31440820939338665
-3.249569524288494,-0.6516236292848432,1.502938948825889,3.154812590795018,0.8551203111059243,5,0.3144083022511597
-2.597933192541095,0.9177986391877944,0.8990290417254508,3.154812590795018,0.8551203111059243,5,0.3144082804363706
-0.8610389490666474,-0.1390470374901789,-0.0531462350480574,3.154812590795018,0.8551203111059243,5,0.31440821028982424
-2.819252001569188,-0.888572902004832,1.0890442226840882,3.154812590795018,0.8551203111059243,5,0.3144083055215494
-2.739170737710038,0.9042069358136552,1.0184972118707685,3.154812590795018,0.8551203111059243,5,0.3144082844338483
-2.537700339918024,-0.9188341328066132,0.8500033355792224,3.154812590795018,0.8551203111059243,5,0.3144082559130814
-1.5489875552148624,0.6539229581353538,0.2096228422596436,3.154812590795018,0.8551203111059243,5,0.31440826545613176
